npn_rep_hex,opt,tree,gap,canalizing,forced_multi,note,t_sec
0x0000,0,0,0,1,0,gap0_implies_not_forced,0.0
0x0001,3,3,0,1,0,gap0_implies_not_forced,0.0
0x0003,2,2,0,1,0,gap0_implies_not_forced,0.0
0x0006,5,5,0,1,0,gap0_implies_not_forced,0.0
0x0007,3,3,0,1,0,gap0_implies_not_forced,0.0
0x000f,1,1,0,1,0,gap0_implies_not_forced,0.0
0x0016,7,8,1,1,0,sat_tested,0.3
0x0017,5,5,0,1,0,gap0_implies_not_forced,0.0
0x0018,6,6,0,1,0,gap0_implies_not_forced,0.0
0x0019,5,5,0,1,0,gap0_implies_not_forced,0.0
0x001b,4,4,0,1,0,gap0_implies_not_forced,0.0
0x001e,5,6,1,1,0,sat_tested,0.1
0x001f,3,3,0,1,0,gap0_implies_not_forced,0.0
0x003c,4,4,0,1,0,gap0_implies_not_forced,0.0
0x003d,5,5,0,1,0,gap0_implies_not_forced,0.0
0x003f,2,2,0,1,0,gap0_implies_not_forced,0.0
0x0069,7,10,3,1,0,sat_tested,1.2
0x006b,7,8,1,1,0,sat_tested,2.5
0x006f,5,5,0,1,0,gap0_implies_not_forced,0.0
0x007e,6,6,0,1,0,gap0_implies_not_forced,0.0
0x007f,3,3,0,1,0,gap0_implies_not_forced,0.0
0x00ff,0,0,0,1,0,gap0_implies_not_forced,0.0
0x0116,9,11,2,0,1,sat_tested+sb,2102.7
0x0117,7,7,0,0,0,gap0_implies_not_forced,0.0
0x0118,8,9,1,0,0,sat_tested,0.8
0x0119,7,7,0,0,0,gap0_implies_not_forced,0.0
0x011a,7,8,1,0,0,sat_tested,1.0
0x011b,6,6,0,0,0,gap0_implies_not_forced,0.0
0x011e,7,9,2,0,1,sat_tested,9.4
0x011f,5,5,0,0,0,gap0_implies_not_forced,0.0
0x012c,8,8,0,0,0,gap0_implies_not_forced,0.0
0x012d,7,7,0,0,0,gap0_implies_not_forced,0.0
0x012f,5,5,0,0,0,gap0_implies_not_forced,0.0
0x013c,7,8,1,0,0,sat_tested,0.2
0x013d,6,7,1,0,0,sat_tested,0.2
0x013e,7,9,2,0,0,sat_tested,0.6
0x013f,5,5,0,0,0,gap0_implies_not_forced,0.0
0x0168,9,11,2,0,1,sat_tested+sb,1531.3
0x0169,8,10,2,0,0,sat_tested,1.8
0x016a,8,10,2,0,0,sat_tested,16.3
0x016b,8,9,1,0,0,sat_tested,0.6
0x016e,8,9,1,0,0,sat_tested,2.2
0x016f,6,7,1,0,0,sat_tested,0.2
0x017e,8,10,2,0,0,sat_tested,9.4
0x017f,6,6,0,0,0,gap0_implies_not_forced,0.0
0x0180,7,7,0,0,0,gap0_implies_not_forced,0.0
0x0181,6,6,0,0,0,gap0_implies_not_forced,0.0
0x0182,8,8,0,0,0,gap0_implies_not_forced,0.0
0x0183,6,6,0,0,0,gap0_implies_not_forced,0.0
0x0186,9,11,2,0,0,sat_tested,2.5
0x0187,7,8,1,0,0,sat_tested,0.7
0x0189,5,5,0,0,0,gap0_implies_not_forced,0.0
0x018b,5,5,0,0,0,gap0_implies_not_forced,0.0
0x018f,5,5,0,0,0,gap0_implies_not_forced,0.0
0x0196,9,13,4,0,1,sat_tested+sb,1527.8
0x0197,9,10,1,0,0,sat_tested,7.2
0x0198,8,8,0,0,0,gap0_implies_not_forced,0.0
0x0199,6,6,0,0,0,gap0_implies_not_forced,0.0
0x019a,8,9,1,0,0,sat_tested,1.0
0x019b,7,7,0,0,0,gap0_implies_not_forced,0.0
0x019e,9,11,2,0,1,sat_tested+sb,1413.4
0x019f,7,7,0,0,0,gap0_implies_not_forced,0.0
0x01a8,6,7,1,0,0,sat_tested,0.2
0x01a9,5,6,1,0,0,sat_tested,0.1
0x01aa,5,5,0,0,0,gap0_implies_not_forced,0.0
0x01ab,4,4,0,0,0,gap0_implies_not_forced,0.0
0x01ac,7,7,0,0,0,gap0_implies_not_forced,0.0
0x01ad,6,6,0,0,0,gap0_implies_not_forced,0.0
0x01ae,6,6,0,0,0,gap0_implies_not_forced,0.0
0x01af,4,4,0,0,0,gap0_implies_not_forced,0.0
0x01bc,8,9,1,0,0,sat_tested,0.7
0x01bd,7,8,1,0,0,sat_tested,0.9
0x01be,8,9,1,0,0,sat_tested,0.5
0x01bf,6,6,0,0,0,gap0_implies_not_forced,0.0
0x01e8,8,9,1,0,0,sat_tested,0.8
0x01e9,7,8,1,0,0,sat_tested,0.5
0x01ea,7,7,0,0,0,gap0_implies_not_forced,0.0
0x01eb,6,6,0,0,0,gap0_implies_not_forced,0.0
0x01ee,5,6,1,0,0,sat_tested,0.1
0x01ef,4,5,1,0,0,sat_tested,0.1
0x01fe,5,7,2,0,0,sat_tested,0.1
0x033c,6,7,1,0,0,sat_tested,0.2
0x033d,7,8,1,0,0,sat_tested,0.6
0x033f,4,4,0,0,0,gap0_implies_not_forced,0.0
0x0356,5,7,2,0,1,sat_tested,0.1
0x0357,3,3,0,0,0,gap0_implies_not_forced,0.0
0x0358,7,8,1,0,1,sat_tested,9.8
0x0359,7,8,1,0,1,sat_tested,9.8
0x035a,6,7,1,0,0,sat_tested,0.2
0x035b,6,6,0,0,0,gap0_implies_not_forced,0.0
0x035e,7,8,1,0,0,sat_tested,0.4
0x035f,4,4,0,0,0,gap0_implies_not_forced,0.0
0x0368,8,11,3,0,1,sat_tested+sb,157.0
0x0369,8,11,3,0,1,sat_tested+sb,172.2
0x036a,8,9,1,0,0,sat_tested,3.1
0x036b,7,8,1,0,0,sat_tested,1.8
0x036c,7,9,2,0,0,sat_tested,2.4
0x036d,8,10,2,0,1,sat_tested+sb,145.1
0x036e,8,8,0,0,0,gap0_implies_not_forced,0.0
0x036f,7,7,0,0,0,gap0_implies_not_forced,0.0
0x037c,7,8,1,0,0,sat_tested,0.4
0x037d,7,8,1,0,0,sat_tested,1.5
0x037e,8,9,1,0,0,sat_tested,1.2
0x03c0,5,5,0,0,0,gap0_implies_not_forced,0.0
0x03c1,6,6,0,0,0,gap0_implies_not_forced,0.0
0x03c3,4,4,0,0,0,gap0_implies_not_forced,0.0
0x03c5,6,6,0,0,0,gap0_implies_not_forced,0.0
0x03c6,6,7,1,0,0,sat_tested,0.6
0x03c7,5,5,0,0,0,gap0_implies_not_forced,0.0
0x03cf,3,3,0,0,0,gap0_implies_not_forced,0.0
0x03d4,7,8,1,0,0,sat_tested,0.4
0x03d5,6,6,0,0,0,gap0_implies_not_forced,0.0
0x03d6,7,9,2,0,1,sat_tested,11.7
0x03d7,5,5,0,0,0,gap0_implies_not_forced,0.0
0x03d8,7,7,0,0,0,gap0_implies_not_forced,0.0
0x03d9,7,7,0,0,0,gap0_implies_not_forced,0.0
0x03db,6,6,0,0,0,gap0_implies_not_forced,0.0
0x03dc,6,6,0,0,0,gap0_implies_not_forced,0.0
0x03dd,5,5,0,0,0,gap0_implies_not_forced,0.0
0x03de,6,7,1,0,1,sat_tested,1.9
0x03fc,4,5,1,0,0,sat_tested,0.1
0x0660,7,7,0,0,0,gap0_implies_not_forced,0.0
0x0661,9,11,2,0,1,sat_tested+sb,1631.4
0x0662,7,7,0,0,0,gap0_implies_not_forced,0.0
0x0663,7,9,2,0,0,sat_tested,4.3
0x0666,5,5,0,0,0,gap0_implies_not_forced,0.0
0x0667,7,7,0,0,0,gap0_implies_not_forced,0.0
0x0669,9,13,4,0,1,sat_tested+sb,1064.1
0x066b,9,11,2,0,1,sat_tested+sb,1087.4
0x066f,7,7,0,0,0,gap0_implies_not_forced,0.0
0x0672,7,7,0,0,0,gap0_implies_not_forced,0.0
0x0673,7,7,0,0,0,gap0_implies_not_forced,0.0
0x0676,6,6,0,0,0,gap0_implies_not_forced,0.0
0x0678,9,11,2,0,1,sat_tested+sb,1237.9
0x0679,9,13,4,0,1,sat_tested+sb,706.1
0x067a,8,9,1,0,0,sat_tested,5.2
0x067b,9,10,1,0,0,sat_tested,4.7
0x067e,8,8,0,0,0,gap0_implies_not_forced,0.0
0x0690,8,11,3,0,0,sat_tested,2.0
0x0691,9,11,2,0,0,sat_tested,13.0
0x0693,8,10,2,0,0,sat_tested,2.8
0x0696,7,10,3,0,0,sat_tested,0.8
0x0697,8,10,2,0,0,sat_tested,7.6
0x069f,6,9,3,0,0,sat_tested,0.4
0x06b0,8,9,1,0,0,sat_tested,2.8
0x06b1,9,10,1,0,0,sat_tested,8.0
0x06b2,8,9,1,0,0,sat_tested,2.0
0x06b3,8,8,0,0,0,gap0_implies_not_forced,0.0
0x06b4,8,9,1,0,0,sat_tested,2.4
0x06b5,8,9,1,0,1,sat_tested_nosb_76s,60.1
0x06b6,7,8,1,0,0,sat_tested,1.3
0x06b7,8,8,0,0,0,gap0_implies_not_forced,0.0
0x06b9,8,11,3,0,0,sat_tested,21.4
0x06bd,8,11,3,0,1,sat_tested+sb,63.1
0x06f0,7,7,0,0,0,gap0_implies_not_forced,0.0
0x06f1,7,9,2,0,0,sat_tested,1.3
0x06f2,7,7,0,0,0,gap0_implies_not_forced,0.0
0x06f6,6,6,0,0,0,gap0_implies_not_forced,0.0
0x06f9,7,11,4,0,0,sat_tested,4.4
0x0776,7,7,0,0,0,gap0_implies_not_forced,0.0
0x0778,7,9,2,0,1,sat_tested,10.2
0x0779,9,11,2,0,1,sat_tested+sb,636.5
0x077a,7,8,1,0,0,sat_tested,0.8
0x077e,8,9,1,0,0,sat_tested,2.1
0x07b0,7,7,0,0,0,gap0_implies_not_forced,0.0
0x07b1,8,8,0,0,0,gap0_implies_not_forced,0.0
0x07b4,7,8,1,0,0,sat_tested,0.7
0x07b5,7,7,0,0,0,gap0_implies_not_forced,0.0
0x07b6,8,9,1,0,0,sat_tested,11.7
0x07bc,7,8,1,0,1,sat_tested,9.8
0x07e0,7,7,0,0,0,gap0_implies_not_forced,0.0
0x07e1,7,9,2,0,0,sat_tested,0.4
0x07e2,7,7,0,0,0,gap0_implies_not_forced,0.0
0x07e3,7,7,0,0,0,gap0_implies_not_forced,0.0
0x07e6,7,7,0,0,0,gap0_implies_not_forced,0.0
0x07e9,7,11,4,0,1,sat_tested,8.2
0x07f0,5,5,0,0,0,gap0_implies_not_forced,0.0
0x07f1,7,7,0,0,0,gap0_implies_not_forced,0.0
0x07f2,6,6,0,0,0,gap0_implies_not_forced,0.0
0x07f8,5,7,2,0,0,sat_tested,0.1
0x0ff0,3,3,0,0,0,gap0_implies_not_forced,0.0
0x1668,9,15,6,0,1,sat_tested+sb,399.0
0x1669,10,15,5,0,1,sat_tested+sb,2367.3
0x166a,9,13,4,0,1,sat_tested+sb,466.8
0x166b,10,14,4,0,1,sat_tested+sb,3966.3
0x166e,9,11,2,0,1,sat_tested+sb,426.8
0x167e,9,10,1,0,0,sat_tested,7.1
0x1681,10,14,4,0,1,sat_tested+sb,3437.6
0x1683,10,12,2,0,1,sat_tested+sb,2838.0
0x1686,9,11,2,0,1,sat_tested+sb,311.0
0x1687,9,12,3,0,0,sat_tested+sb,24.1
0x1689,9,13,4,0,1,sat_tested+sb,463.9
0x168b,9,12,3,0,1,sat_tested+sb,487.8
0x168e,9,10,1,0,0,sat_tested,12.5
0x1696,8,10,2,0,0,sat_tested,2.5
0x1697,9,11,2,0,1,sat_tested+sb,333.0
0x1698,9,11,2,0,1,sat_tested+sb,412.3
0x1699,8,11,3,0,1,sat_tested+sb,61.4
0x169a,8,10,2,0,0,sat_tested,1.3
0x169b,9,11,2,0,0,sat_tested,8.7
0x169e,8,9,1,0,0,sat_tested,4.1
0x16a9,9,13,4,0,1,sat_tested+sb,588.3
0x16ac,9,11,2,0,1,sat_tested+sb,507.0
0x16ad,9,13,4,0,1,sat_tested+sb,519.7
0x16bc,8,10,2,0,1,sat_tested+sb,46.6
0x16e9,9,15,6,0,1,sat_tested+sb,450.0
0x177e,9,11,2,0,1,sat_tested+sb,613.2
0x178e,8,9,1,0,1,sat_tested_nosb_404s,60.1
0x1796,9,11,2,0,0,sat_tested,6.7
0x1798,8,9,1,0,0,sat_tested,2.2
0x179a,8,9,1,0,0,sat_tested,3.0
0x17ac,8,9,1,0,0,sat_tested,1.8
0x17e8,7,11,4,0,0,sat_tested,1.1
0x18e7,8,13,5,0,0,sat_tested,1.4
0x19e1,9,11,2,0,1,sat_tested+sb,400.9
0x19e3,9,11,2,0,1,sat_tested+sb,391.6
0x19e6,7,11,4,0,0,sat_tested,0.7
0x1bd8,9,9,0,0,0,gap0_implies_not_forced,0.0
0x1be4,6,9,3,0,0,sat_tested,0.4
0x1ee1,7,11,4,0,1,sat_tested,9.1
0x3cc3,6,9,3,0,0,sat_tested,0.1
0x6996,9,15,6,0,1,sat_tested+sb,373.9
